crash_date,crash_time,borough,zip_code,latitude,longitude,location,on_street_name,off_street_name,cross_street_name,number_of_persons_injured,number_of_persons_killed,number_of_pedestrians_injured,number_of_pedestrians_killed,number_of_cyclist_injured,number_of_cyclist_killed,number_of_motorist_injured,number_of_motorist_killed,contributing_factor_vehicle_1,contributing_factor_vehicle_2,contributing_factor_vehicle_3,contributing_factor_vehicle_4,contributing_factor_vehicle_5,collision_id,vehicle_type_code1,vehicle_type_code2,vehicle_type_code_3,vehicle_type_code_4,vehicle_type_code_5
2017-04-18T00:00:00.000,23:10,STATEN ISLAND,10312,40.536728,-74.193344,"(40.536728, -74.193344)",,,243       DARLINGTON AVENUE             ,0,0,0,0,0,0,0,0,Driver Inattention/Distraction,Unspecified,,,,3654181,Station Wagon/Sport Utility Vehicle,,,,
2017-05-06T00:00:00.000,13:00,BRONX,10472,40.829052,-73.85038,"(40.829052, -73.85038)",CASTLE HILL AVENUE              ,BLACKROCK AVENUE,,1,0,1,0,0,0,0,0,Failure to Yield Right-of-Way,,,,,3665311,Sedan,,,,
2017-04-27T00:00:00.000,17:15,QUEENS,11420,40.677303,-73.804565,"(40.677303, -73.804565)",135 STREET                      ,FOCH BOULEVARD,,0,0,0,0,0,0,0,0,Driver Inattention/Distraction,Unspecified,,,,3658491,Sedan,Sedan,,,
2017-05-09T00:00:00.000,20:10,,,40.624958,-74.145775,"(40.624958, -74.145775)",FOREST AVENUE                   ,RICHMOND AVENUE,,1,0,0,0,0,0,1,0,Unspecified,Unspecified,Unspecified,,,3666554,Motorcycle,Sedan,Bus,,
2017-04-18T00:00:00.000,14:00,BRONX,10456,40.828846,-73.90312,"(40.828846, -73.90312)",,,1167      BOSTON ROAD                   ,0,0,0,0,0,0,0,0,Driver Inattention/Distraction,Unspecified,,,,3653269,Sedan,Station Wagon/Sport Utility Vehicle,,,
2017-05-08T00:00:00.000,10:33,,,40.556454,-74.20777,"(40.556454, -74.20777)",WEST SHORE EXPRESSWAY           ,,,0,0,0,0,0,0,0,0,Unsafe Lane Changing,Unspecified,,,,3666365,Sedan,Sedan,,,
2017-05-10T00:00:00.000,6:10,,,40.740025,-73.97626,"(40.740025, -73.97626)",1 AVENUE                        ,EAST 28 STREET,,0,0,0,0,0,0,0,0,Passing or Lane Usage Improper,Unspecified,,,,3666842,Taxi,Box Truck,,,
2017-04-24T00:00:00.000,9:30,BROOKLYN,11203,40.651646,-73.93233,"(40.651646, -73.93233)",EAST 48 STREET                  ,CHURCH AVENUE,,0,0,0,0,0,0,0,0,Other Vehicular,Other Vehicular,,,,3657123,Station Wagon/Sport Utility Vehicle,Station Wagon/Sport Utility Vehicle,,,
2017-04-14T00:00:00.000,13:00,,,40.7518,-73.817314,"(40.7518, -73.817314)",ROBINSON STREET                 ,,,0,0,0,0,0,0,0,0,Passing Too Closely,Unspecified,,,,3651039,Sedan,Station Wagon/Sport Utility Vehicle,,,
2017-05-02T00:00:00.000,1:00,BRONX,10474,40.816864,-73.882744,"(40.816864, -73.882744)",,,772       EDGEWATER ROAD                ,0,0,0,0,0,0,0,0,Unspecified,,,,,3661896,Pick-up Truck,,,,
2017-05-01T00:00:00.000,14:30,STATEN ISLAND,10301,40.639614,-74.08727,"(40.639614, -74.08727)",,,361       JERSEY STREET                 ,0,0,0,0,0,0,0,0,Unspecified,Unspecified,,,,3661330,Station Wagon/Sport Utility Vehicle,PAS,,,
2017-04-29T00:00:00.000,8:45,,,40.71423,-73.85386,"(40.71423, -73.85386)",LOUBET STREET                   ,,,0,0,0,0,0,0,0,0,Unspecified,,,,,3659418,Sedan,,,,
2017-05-01T00:00:00.000,10:30,BROOKLYN,11223,40.602757,-73.96377,"(40.602757, -73.96377)",,,802       AVENUE S                      ,0,0,0,0,0,0,0,0,Unspecified,Unspecified,,,,3661943,Station Wagon/Sport Utility Vehicle,Station Wagon/Sport Utility Vehicle,,,
2017-04-16T00:00:00.000,15:50,BROOKLYN,11203,40.652973,-73.94401,"(40.652973, -73.94401)",BROOKLYN AVENUE                 ,LINDEN BOULEVARD,,3,0,0,0,0,0,3,0,Unspecified,Unspecified,,,,3654121,Station Wagon/Sport Utility Vehicle,Sedan,,,
2017-04-25T00:00:00.000,18:00,BROOKLYN,11234,40.61074,-73.92241,"(40.61074, -73.92241)",,,2074      EAST 52 STREET                ,0,0,0,0,0,0,0,0,Driver Inattention/Distraction,Unspecified,,,,3673696,Station Wagon/Sport Utility Vehicle,,,,
2017-04-22T00:00:00.000,7:00,,,40.69168,-73.999344,"(40.69168, -73.999344)",BROOKLYN QUEENS EXPRESSWAY      ,,,1,0,0,0,0,0,1,0,Unspecified,,,,,3655451,Pick-up Truck,,,,
2017-04-20T00:00:00.000,18:00,BRONX,10463,40.886536,-73.89985,"(40.886536, -73.89985)",WEST 240 STREET                 ,BROADWAY,,0,0,0,0,0,0,0,0,Unspecified,,,,,3654545,Station Wagon/Sport Utility Vehicle,,,,
2017-05-06T00:00:00.000,14:10,QUEENS,11419,40.686234,-73.82418,"(40.686234, -73.82418)",LEFFERTS BOULEVARD              ,LIBERTY AVENUE,,0,0,0,0,0,0,0,0,Backing Unsafely,Unspecified,,,,3665559,Station Wagon/Sport Utility Vehicle,Sedan,,,
2017-04-28T00:00:00.000,22:14,,,40.859875,-73.89323,"(40.859875, -73.89323)",WEBSTER AVENUE                  ,,,3,0,0,0,0,0,3,0,Unspecified,Unspecified,,,,3662987,Station Wagon/Sport Utility Vehicle,Station Wagon/Sport Utility Vehicle,,,
2017-05-05T00:00:00.000,16:30,BRONX,10453,40.848255,-73.90976,"(40.848255, -73.90976)",WALTON AVENUE                   ,EAST 176 STREET,,0,0,0,0,0,0,0,0,Unspecified,Unspecified,,,,3663956,Station Wagon/Sport Utility Vehicle,Sedan,,,
2017-04-19T00:00:00.000,22:13,,,40.835358,-73.94022,"(40.835358, -73.94022)",AMSTERDAM AVENUE                ,,,1,0,1,0,0,0,0,0,Unspecified,,,,,3654848,Station Wagon/Sport Utility Vehicle,,,,
2017-04-27T00:00:00.000,15:56,,,40.727753,-73.85861,"(40.727753, -73.85861)",SAUNDERS STREET                 ,,,0,0,0,0,0,0,0,0,Backing Unsafely,Other Vehicular,,,,3658471,Sedan,Station Wagon/Sport Utility Vehicle,,,
2017-05-02T00:00:00.000,22:30,QUEENS,11434,40.666702,-73.76731,"(40.666702, -73.76731)",,,177-90    SOUTH CONDUIT AVENUE          ,0,0,0,0,0,0,0,0,Failure to Yield Right-of-Way,Unspecified,,,,3662226,Station Wagon/Sport Utility Vehicle,Station Wagon/Sport Utility Vehicle,,,
2017-05-08T00:00:00.000,23:30,BROOKLYN,11207,40.66322,-73.893654,"(40.66322, -73.893654)",PENNSYLVANIA AVENUE             ,RIVERDALE AVENUE,,8,0,0,0,0,0,8,0,Traffic Control Disregarded,Failure to Yield Right-of-Way,Unspecified,Unspecified,,3666278,Ambulance,Station Wagon/Sport Utility Vehicle,Sedan,Station Wagon/Sport Utility Vehicle,
2018-02-17T00:00:00.000,14:30,MANHATTAN,10019,,,,,,450       W 57th St                     ,0,0,0,0,0,0,0,0,Driver Inattention/Distraction,Unspecified,,,,3848714,Sedan,Sedan,,,
2019-12-04T00:00:00.000,15:30,STATEN ISLAND,10309,,,,,,715       sharrotts rd                  ,0,0,0,0,0,0,0,0,Unspecified,,,,,4263561,Tractor Truck Diesel,,,,
2017-09-12T00:00:00.000,17:59,,,,,,PARK ROW                        ,,,0,0,0,0,0,0,0,0,Driver Inexperience,,,,,3749038,Bus,,,,
2017-05-07T00:00:00.000,15:00,,,,,,CENTER BOULEVARD                ,,,0,0,0,0,0,0,0,0,Unspecified,,,,,3668217,Station Wagon/Sport Utility Vehicle,,,,
2017-04-15T00:00:00.000,9:00,QUEENS,11422,40.659714,-73.739815,"(40.659714, -73.739815)",145 AVENUE                      ,243 STREET,,0,0,0,0,0,0,0,0,Driver Inattention/Distraction,Unspecified,Unspecified,,,3651370,Sedan,Sedan,,,
2017-05-02T00:00:00.000,7:36,,,40.86507,-73.87185,"(40.86507, -73.87185)",BRONX RIVER PARKWAY             ,,,2,0,0,0,0,0,2,0,Unsafe Speed,Unspecified,Unspecified,Unspecified,Unspecified,3663264,Sedan,Station Wagon/Sport Utility Vehicle,Station Wagon/Sport Utility Vehicle,Station Wagon/Sport Utility Vehicle,Sedan
2017-05-01T00:00:00.000,11:00,STATEN ISLAND,10312,40.558887,-74.1977,"(40.558887, -74.1977)",ARDEN AVENUE                    ,ARTHUR KILL ROAD,,1,0,1,0,0,0,0,0,Failure to Yield Right-of-Way,,,,,3661629,Sedan,,,,
2017-05-08T00:00:00.000,14:03,BROOKLYN,11233,40.678894,-73.90347,"(40.678894, -73.90347)",TRUXTON STREET                  ,VAN SIDERIN AVENUE,,0,0,0,0,0,0,0,0,Driver Inattention/Distraction,Unspecified,,,,3666151,Bus,Sedan,,,
2017-04-25T00:00:00.000,19:00,QUEENS,11417,40.676373,-73.84701,"(40.676373, -73.84701)",90 STREET                       ,SUTTER AVENUE,,0,0,0,0,0,0,0,0,Passing or Lane Usage Improper,Unspecified,,,,3657462,Sedan,,,,
2017-05-05T00:00:00.000,12:30,,,40.84487,-73.92068,"(40.84487, -73.92068)",CROSS BRONX EXPY                ,,,0,0,0,0,0,0,0,0,Following Too Closely,Unspecified,,,,3664073,Station Wagon/Sport Utility Vehicle,Station Wagon/Sport Utility Vehicle,,,
2017-04-29T00:00:00.000,3:30,QUEENS,11691,40.599243,-73.752495,"(40.599243, -73.752495)",BEACH 19 STREET                 ,BROOKHAVEN AVENUE,,0,0,0,0,0,0,0,0,Unspecified,Unspecified,Unspecified,,,3659410,Sedan,Sedan,Sedan,,
2017-04-16T00:00:00.000,11:25,,,40.8047,-73.83141,"(40.8047, -73.83141)",BRONX WHITESTONE BRIDGE         ,,,0,0,0,0,0,0,0,0,Unsafe Lane Changing,Unspecified,,,,3651871,Station Wagon/Sport Utility Vehicle,Sedan,,,
2017-04-25T00:00:00.000,19:30,,,,,,THROGS NECK EXPRESSWAY          ,HARDING AVENUE,,0,0,0,0,0,0,0,0,Failure to Yield Right-of-Way,Unspecified,,,,3658008,Sedan,Sedan,,,
2017-04-26T00:00:00.000,15:00,QUEENS,11358,40.763287,-73.80358,"(40.763287, -73.80358)",,,35-75     162 STREET                    ,1,0,0,0,0,0,1,0,Unsafe Lane Changing,Backing Unsafely,,,,3658139,Station Wagon/Sport Utility Vehicle,Station Wagon/Sport Utility Vehicle,,,
2017-05-06T00:00:00.000,6:20,BROOKLYN,11203,40.651733,-73.93039,"(40.651733, -73.93039)",UTICA AVENUE                    ,CHURCH AVENUE,,1,0,1,0,0,0,0,0,Failure to Yield Right-of-Way,,,,,3667096,,,,,
2017-04-20T00:00:00.000,23:00,MANHATTAN,10013,40.71755,-73.99932,"(40.71755, -73.99932)",CANAL STREET                    ,BAXTER STREET,,0,0,0,0,0,0,0,0,Driver Inattention/Distraction,Driver Inattention/Distraction,,,,3655211,Station Wagon/Sport Utility Vehicle,Station Wagon/Sport Utility Vehicle,,,
2017-04-14T00:00:00.000,10:05,,,40.740944,-74.00537,"(40.740944, -74.00537)",WEST 14 STREET                  ,9 AVENUE,,0,0,0,0,0,0,0,0,Passing or Lane Usage Improper,Unspecified,,,,3652580,Box Truck,Station Wagon/Sport Utility Vehicle,,,
2017-05-01T00:00:00.000,21:20,BROOKLYN,11226,40.637222,-73.9598,"(40.637222, -73.9598)",EAST 19 STREET                  ,NEWKIRK AVENUE,,1,0,1,0,0,0,0,0,Driver Inattention/Distraction,,,,,3661812,Sedan,,,,
2017-04-19T00:00:00.000,10:58,,,40.736668,-73.997345,"(40.736668, -73.997345)",WEST 13 STREET                  ,,,0,0,0,0,0,0,0,0,Backing Unsafely,Unspecified,,,,3654053,Sedan,Sedan,,,
2017-05-04T00:00:00.000,19:15,STATEN ISLAND,10301,40.631973,-74.08769,"(40.631973, -74.08769)",,,95        SHERMAN AVENUE                ,0,0,0,0,0,0,0,0,Driver Inattention/Distraction,Unspecified,,,,3663179,Station Wagon/Sport Utility Vehicle,Motorcycle,,,
2017-04-23T00:00:00.000,12:30,BROOKLYN,11233,40.677616,-73.92829,"(40.677616, -73.92829)",,,38        HUNTERFLY PLACE               ,0,0,0,0,0,0,0,0,Driver Inattention/Distraction,Driver Inattention/Distraction,,,,3655845,Sedan,Station Wagon/Sport Utility Vehicle,,,
2017-05-03T00:00:00.000,10:00,MANHATTAN,10002,40.7224,-73.99165,"(40.7224, -73.99165)",CHRYSTIE STREET                 ,STANTON STREET,,1,0,0,0,1,0,0,0,Obstruction/Debris,Unspecified,,,,3662934,Bike,Sedan,,,
2017-04-15T00:00:00.000,21:50,,,40.726986,-73.985756,"(40.726986, -73.985756)",1 AVENUE                        ,,,0,0,0,0,0,0,0,0,Driver Inattention/Distraction,,,,,3652240,Station Wagon/Sport Utility Vehicle,,,,
2017-05-07T00:00:00.000,12:55,MANHATTAN,10038,40.710144,-74.002556,"(40.710144, -74.002556)",,,66        FRANKFORT STREET              ,0,0,0,0,0,0,0,0,Driver Inexperience,,,,,4024284,Sedan,,,,
2017-04-27T00:00:00.000,17:30,BRONX,10461,40.843212,-73.83894,"(40.843212, -73.83894)",WATERS PLACE                    ,FINK AVENUE,,0,0,0,0,0,0,0,0,Turning Improperly,Unspecified,,,,3658720,Sedan,Sedan,,,
2017-04-14T00:00:00.000,17:20,BROOKLYN,11214,40.603283,-74.00321,"(40.603283, -74.00321)",,,8733      19 AVENUE                     ,1,0,0,0,1,0,0,0,Pedestrian/Bicyclist/Other Pedestrian Error/Confusion,Unspecified,,,,3651640,Station Wagon/Sport Utility Vehicle,Bike,,,
2017-05-07T00:00:00.000,0:00,,,40.63874,-73.8952,"(40.63874, -73.8952)",ROCKAWAY PARKWAY                ,,,0,0,0,0,0,0,0,0,Failure to Yield Right-of-Way,Unspecified,,,,3671373,Station Wagon/Sport Utility Vehicle,Station Wagon/Sport Utility Vehicle,,,
2017-05-03T00:00:00.000,10:20,STATEN ISLAND,10301,40.637993,-74.07929,"(40.637993, -74.07929)",,,76        VICTORY BOULEVARD             ,0,0,0,0,0,0,0,0,Unspecified,Unspecified,,,,3662749,Bus,Station Wagon/Sport Utility Vehicle,,,
2019-11-08T00:00:00.000,11:00,,,,,,QUEENSBORO BRIDGE UPPER ROADWAY ,,,0,0,0,0,0,0,0,0,Following Too Closely,Unspecified,,,,4238650,Sedan,Sedan,,,
2017-05-06T00:00:00.000,20:00,MANHATTAN,10033,40.84554,-73.93278,"(40.84554, -73.93278)",WEST 177 STREET                 ,AMSTERDAM AVENUE,,0,0,0,0,0,0,0,0,Unspecified,Unspecified,,,,3664829,Taxi,Sedan,,,
2017-04-26T00:00:00.000,10:00,BROOKLYN,11206,40.702724,-73.95002,"(40.702724, -73.95002)",HARRISON AVENUE                 ,LORIMER STREET,,0,0,0,0,0,0,0,0,Following Too Closely,Turning Improperly,,,,3658071,Station Wagon/Sport Utility Vehicle,Tractor Truck Diesel,,,
2017-04-16T00:00:00.000,22:00,BROOKLYN,11221,40.6889,-73.92726,"(40.6889, -73.92726)",PATCHEN AVENUE                  ,GATES AVENUE,,1,0,0,0,1,0,0,0,Driver Inattention/Distraction,Driver Inattention/Distraction,,,,3654715,Sedan,Bike,,,
2017-04-26T00:00:00.000,3:36,BRONX,10467,40.866047,-73.87207,"(40.866047, -73.87207)",SOUTHERN BOULEVARD              ,BRONX RIVER PARKWAY,,0,0,0,0,0,0,0,0,Unspecified,,,,,3658084,Sedan,,,,
2017-05-09T00:00:00.000,9:00,MANHATTAN,10011,40.738552,-73.99969,"(40.738552, -73.99969)",WEST 14 STREET                  ,7 AVENUE,,0,0,0,0,0,0,0,0,Driver Inattention/Distraction,Driver Inattention/Distraction,,,,3671110,Sedan,Pick-up Truck,,,
2017-04-29T00:00:00.000,8:40,,,,,,veterans road west              ,bricktown way,,0,0,0,0,0,0,0,0,Following Too Closely,Unspecified,,,,3660357,Sedan,Station Wagon/Sport Utility Vehicle,,,
2017-04-15T00:00:00.000,15:45,,,40.67175,-73.89685,"(40.67175, -73.89685)",PITKIN AVENUE                   ,,,2,0,0,0,0,0,2,0,Driver Inattention/Distraction,Unspecified,,,,3651344,Station Wagon/Sport Utility Vehicle,Station Wagon/Sport Utility Vehicle,,,
2017-04-27T00:00:00.000,9:40,MANHATTAN,10017,40.74917,-73.97034,"(40.74917, -73.97034)",,,45        TUDOR CITY PLACE              ,0,0,0,0,0,0,0,0,Driver Inattention/Distraction,Driver Inattention/Distraction,,,,3658256,Taxi,Taxi,,,
2017-05-03T00:00:00.000,18:03,BRONX,10463,40.876503,-73.904564,"(40.876503, -73.904564)",WEST 230 STREET                 ,MAJOR DEEGAN EXPRESSWAY,,0,0,0,0,0,0,0,0,Unspecified,Unspecified,,,,3663664,Sedan,Sedan,,,
2017-04-28T00:00:00.000,16:30,,,40.666416,-73.80631,"(40.666416, -73.80631)",BELT PARKWAY                    ,,,0,0,0,0,0,0,0,0,Following Too Closely,Unspecified,,,,3659513,Station Wagon/Sport Utility Vehicle,Sedan,,,
2017-04-20T00:00:00.000,21:17,,,40.71741,-73.984,"(40.71741, -73.984)",DELANCEY STREET                 ,,,0,0,0,0,0,0,0,0,Failure to Yield Right-of-Way,Unspecified,Unspecified,,,3654813,Sedan,Sedan,Taxi,,
2017-05-03T00:00:00.000,16:12,QUEENS,11355,40.752903,-73.832565,"(40.752903, -73.832565)",,,44-39     COLLEGE POINT BOULEVARD       ,0,0,0,0,0,0,0,0,Backing Unsafely,Unspecified,,,,3662686,Station Wagon/Sport Utility Vehicle,Sedan,,,
2017-05-04T00:00:00.000,22:30,BROOKLYN,11223,40.598034,-73.97976,"(40.598034, -73.97976)",,,2011      WEST 8 STREET                 ,0,0,0,0,0,0,0,0,Backing Unsafely,Unspecified,,,,3663872,Station Wagon/Sport Utility Vehicle,,,,
2017-05-07T00:00:00.000,21:58,MANHATTAN,10027,40.81269,-73.95313,"(40.81269, -73.95313)",WEST 127 STREET                 ,MORNINGSIDE AVENUE,,1,0,0,0,1,0,0,0,Other Vehicular,Unsafe Lane Changing,,,,3665732,Sedan,Bike,,,
2017-05-02T00:00:00.000,21:39,,,40.820263,-73.92976,"(40.820263, -73.92976)",RIVER AVENUE                    ,,,2,0,0,0,0,0,2,0,Driver Inattention/Distraction,Other Vehicular,Unspecified,,,3662253,Station Wagon/Sport Utility Vehicle,Garbage or Refuse,Station Wagon/Sport Utility Vehicle,,
2017-04-22T00:00:00.000,13:16,BRONX,10474,40.81831,-73.88558,"(40.81831, -73.88558)",,,845       LONGFELLOW AVENUE             ,0,0,0,0,0,0,0,0,Unspecified,,,,,3655540,Sedan,,,,
2017-05-08T00:00:00.000,3:51,QUEENS,11378,40.728176,-73.89658,"(40.728176, -73.89658)",,,54-15     68 STREET                     ,0,0,0,0,0,0,0,0,Unspecified,,,,,3666823,Station Wagon/Sport Utility Vehicle,,,,
2017-04-16T00:00:00.000,12:55,,,40.58388,-74.16878,"(40.58388, -74.16878)",,,2555      RICHMOND AVENUE               ,0,0,0,0,0,0,0,0,Driver Inattention/Distraction,Unspecified,,,,3651897,Sedan,Sedan,,,
2017-04-24T00:00:00.000,18:40,BROOKLYN,11224,40.576572,-73.976494,"(40.576572, -73.976494)",,,2951      WEST 8 STREET                 ,0,0,0,0,0,0,0,0,Driver Inattention/Distraction,Unspecified,,,,3656531,Sedan,Station Wagon/Sport Utility Vehicle,,,
2017-04-19T00:00:00.000,12:30,,,40.754128,-73.75087,"(40.754128, -73.75087)",57 AVENUE                       ,,,0,0,0,0,0,0,0,0,Unspecified,,,,,3653550,Sedan,,,,
2017-05-07T00:00:00.000,16:21,,,40.834198,-73.85169,"(40.834198, -73.85169)",CASTLE HILL AVENUE              ,WESTCHESTER AVENUE,,0,0,0,0,0,0,0,0,Driver Inattention/Distraction,Driver Inattention/Distraction,,,,3664959,Sedan,Sedan,,,
2017-04-18T00:00:00.000,16:09,,,40.75529,-73.99493,"(40.75529, -73.99493)",WEST 37 STREET                  ,,,0,0,0,0,0,0,0,0,Unspecified,Unspecified,,,,3654277,deliv,unkno,,,
2017-05-06T00:00:00.000,11:28,BRONX,10453,40.848637,-73.91169,"(40.848637, -73.91169)",JEROME AVENUE                   ,EAST 176 STREET,,3,0,0,0,0,0,3,0,Following Too Closely,Unspecified,,,,3664725,Taxi,Sedan,,,
2017-04-29T00:00:00.000,11:43,STATEN ISLAND,10305,40.601006,-74.076454,"(40.601006, -74.076454)",STEUBEN STREET                  ,WEST FINGERBOARD ROAD,,0,0,0,0,0,0,0,0,Following Too Closely,Unspecified,,,,3659751,Sedan,Sedan,,,
2017-05-02T00:00:00.000,4:50,MANHATTAN,10011,40.73723,-74.000656,"(40.73723, -74.000656)",WEST 12 STREET                  ,7 AVENUE,,0,0,0,0,0,0,0,0,Backing Unsafely,Unspecified,,,,3661624,Taxi,3-Door,,,
2019-06-25T00:00:00.000,17:40,,,,,,BROOKLYN BRIDGE                 ,,,2,0,1,0,1,0,0,0,Failure to Yield Right-of-Way,,,,,4158706,Bike,,,,
2020-03-10T00:00:00.000,7:48,,,,,,VANWYCK EXPRESSWAY              ,LIBERTY AVENUE,,0,0,0,0,0,0,0,0,Driver Inattention/Distraction,Unspecified,,,,4306954,Sedan,Box Truck,,,
2017-04-19T00:00:00.000,14:00,MANHATTAN,10021,40.77373,-73.96402,"(40.77373, -73.96402)",EAST 75 STREET                  ,MADISON AVENUE,,0,0,0,0,0,0,0,0,Driver Inattention/Distraction,Unspecified,,,,3653586,Pick-up Truck,Station Wagon/Sport Utility Vehicle,,,
2017-04-26T00:00:00.000,17:00,,,,,,4 avenue                        ,4 street,,0,0,0,0,0,0,0,0,Driver Inattention/Distraction,Unspecified,,,,3658137,Van,Station Wagon/Sport Utility Vehicle,,,
2017-05-04T00:00:00.000,21:50,,,40.71976,-73.94476,"(40.71976, -73.94476)",BROOKLYN QUEENS EXPRESSWAY      ,,,0,0,0,0,0,0,0,0,Passing or Lane Usage Improper,Following Too Closely,,,,3663232,Sedan,Station Wagon/Sport Utility Vehicle,,,
2017-05-08T00:00:00.000,8:06,MANHATTAN,10035,40.804066,-73.93267,"(40.804066, -73.93267)",EAST 127 STREET                 ,2 AVENUE,,0,0,0,0,0,0,0,0,Unspecified,Unspecified,,,,3666029,Sedan,Dump,,,
2017-04-17T00:00:00.000,8:40,MANHATTAN,10019,40.762394,-73.97861,"(40.762394, -73.97861)",WEST 54 STREET                  ,AVENUE OF THE AMERICAS,,0,0,0,0,0,0,0,0,Unspecified,Unspecified,,,,3653197,Taxi,Pick-up Truck,,,
2017-04-28T00:00:00.000,10:00,BROOKLYN,11213,40.671032,-73.93927,"(40.671032, -73.93927)",ALBANY AVENUE                   ,SAINT JOHNS PLACE,,0,0,0,0,0,0,0,0,Unspecified,,,,,3659740,Sedan,,,,
2017-04-24T00:00:00.000,20:00,BROOKLYN,11208,40.663063,-73.8746,"(40.663063, -73.8746)",,,634       BERRIMAN STREET               ,0,0,0,0,0,0,0,0,Unspecified,Unspecified,,,,3656832,Sedan,,,,
2017-04-15T00:00:00.000,21:05,MANHATTAN,10036,40.758705,-73.98928,"(40.758705, -73.98928)",,,300       WEST 44 STREET                ,0,0,0,0,0,0,0,0,Unspecified,Unspecified,,,,3651401,Bus,Sedan,,,
2017-05-02T00:00:00.000,19:00,,,40.601128,-73.997086,"(40.601128, -73.997086)",BAY 28 STREET                   ,,,0,0,0,0,0,0,0,0,Backing Unsafely,Unspecified,,,,3662383,Station Wagon/Sport Utility Vehicle,Station Wagon/Sport Utility Vehicle,,,
2017-04-30T00:00:00.000,13:47,BRONX,10463,40.87406,-73.90897,"(40.87406, -73.90897)",,,76        WEST 225 STREET               ,0,0,0,0,0,0,0,0,Backing Unsafely,Unspecified,,,,3660392,Station Wagon/Sport Utility Vehicle,Sedan,,,
2017-05-09T00:00:00.000,1:00,QUEENS,11101,40.751602,-73.93384,"(40.751602, -73.93384)",40 AVENUE                       ,NORTHERN BOULEVARD,,0,0,0,0,0,0,0,0,Backing Unsafely,Unspecified,,,,3666632,Sedan,Sedan,,,
2017-04-18T00:00:00.000,14:00,MANHATTAN,10009,40.7215,-73.98018,"(40.7215, -73.98018)",,,273       EAST 3 STREET                 ,0,0,0,0,0,0,0,0,Passing Too Closely,Unspecified,,,,3654762,Sedan,,,,
2017-04-28T00:00:00.000,8:30,BROOKLYN,11235,40.585964,-73.9517,"(40.585964, -73.9517)",,,1715      VOORHIES AVENUE               ,0,0,0,0,0,0,0,0,Following Too Closely,Unspecified,Unspecified,,,3660598,Sedan,Pick-up Truck,Sedan,,
2017-05-04T00:00:00.000,19:30,QUEENS,11377,40.748146,-73.90426,"(40.748146, -73.90426)",59 STREET                       ,38 AVENUE,,1,0,0,0,1,0,0,0,Driver Inattention/Distraction,Driver Inattention/Distraction,,,,3663495,Sedan,Bike,,,
2017-05-02T00:00:00.000,14:30,BRONX,10470,40.895374,-73.86356,"(40.895374, -73.86356)",EAST 233 STREET                 ,WEBSTER AVENUE,,0,0,0,0,0,0,0,0,Driver Inattention/Distraction,Unspecified,,,,3662500,Sedan,Station Wagon/Sport Utility Vehicle,,,
2017-04-24T00:00:00.000,13:40,BROOKLYN,11219,40.639153,-73.99142,"(40.639153, -73.99142)",44 STREET                       ,12 AVENUE,,0,0,0,0,0,0,0,0,Unspecified,Unspecified,,,,3658960,Station Wagon/Sport Utility Vehicle,,,,
2017-04-30T00:00:00.000,14:22,MANHATTAN,10001,40.74811,-73.987785,"(40.74811, -73.987785)",,,1250      BROADWAY                      ,0,0,0,0,0,0,0,0,Unsafe Lane Changing,Unspecified,,,,3669166,Station Wagon/Sport Utility Vehicle,Taxi,,,
2017-04-19T00:00:00.000,20:41,,,40.885532,-73.894684,"(40.885532, -73.894684)",BAILEY AVENUE                   ,VANCORTLANDT AVENUE WEST,,1,0,0,0,0,0,1,0,Unspecified,Unspecified,,,,3654553,Station Wagon/Sport Utility Vehicle,Station Wagon/Sport Utility Vehicle,,,
2017-04-26T00:00:00.000,7:37,BROOKLYN,11228,40.61672,-74.018326,"(40.61672, -74.018326)",86 STREET                       ,11 AVENUE,,1,0,0,0,0,0,1,0,Pavement Slippery,Pavement Slippery,,,,3657978,Motorcycle,Sedan,,,
2017-05-02T00:00:00.000,8:35,BROOKLYN,11207,40.65772,-73.895386,"(40.65772, -73.895386)",LOUISIANA AVENUE                ,LINDEN BOULEVARD,,0,0,0,0,0,0,0,0,Following Too Closely,Unspecified,Unspecified,,,3661430,Sedan,Sedan,Sedan,,
2017-04-29T00:00:00.000,15:30,BROOKLYN,11215,40.67285,-73.97339,"(40.67285, -73.97339)",8 AVENUE                        ,PRESIDENT STREET,,0,0,0,0,0,0,0,0,Aggressive Driving/Road Rage,Unsafe Lane Changing,,,,3660588,Sedan,Sedan,,,
2017-05-06T00:00:00.000,5:00,,,40.79522,-73.921524,"(40.79522, -73.921524)",TRIBOROUGH BRIDGE               ,,,1,0,0,0,0,0,1,0,Driver Inattention/Distraction,Unspecified,,,,3666008,Sedan,Sedan,,,
2017-04-17T00:00:00.000,10:14,,,40.72952,-74.00514,"(40.72952, -74.00514)",7 AVENUE SOUTH                  ,,,0,0,0,0,0,0,0,0,Following Too Closely,Unspecified,,,,3653183,Station Wagon/Sport Utility Vehicle,Station Wagon/Sport Utility Vehicle,,,
2017-05-04T00:00:00.000,8:30,,,40.82733,-73.8498,"(40.82733, -73.8498)",BRUCKNER EXPRESSWAY             ,,,0,0,0,0,0,0,0,0,Following Too Closely,Unspecified,,,,3663357,Station Wagon/Sport Utility Vehicle,Van,,,
2017-05-01T00:00:00.000,7:30,BROOKLYN,11234,40.63413,-73.928505,"(40.63413, -73.928505)",KINGS HIGHWAY                   ,UTICA AVENUE,,0,0,0,0,0,0,0,0,Failure to Yield Right-of-Way,Unspecified,,,,3662020,Sedan,Station Wagon/Sport Utility Vehicle,,,
2017-05-08T00:00:00.000,13:50,BROOKLYN,11217,40.68097,-73.98364,"(40.68097, -73.98364)",,,169       3 AVENUE                      ,0,0,0,0,0,0,0,0,Driver Inattention/Distraction,,,,,3665939,Tractor Truck Diesel,,,,
2017-05-01T00:00:00.000,17:00,,,40.724495,-73.72469,"(40.724495, -73.72469)",CROSS ISLAND PARKWAY            ,,,0,0,0,0,0,0,0,0,Driver Inattention/Distraction,Unspecified,,,,3661619,Sedan,Station Wagon/Sport Utility Vehicle,,,
2017-04-20T00:00:00.000,8:00,,,40.655895,-74.00591,"(40.655895, -74.00591)",GOWANUS EXPY (BQE)              ,,,0,0,0,0,0,0,2,0,Following Too Closely,Unspecified,,,,4024231,Taxi,Box Truck,,,
2017-05-08T00:00:00.000,9:20,QUEENS,11372,40.749527,-73.88332,"(40.749527, -73.88332)",,,37-03     83 STREET                     ,0,0,0,0,0,0,0,0,Driver Inattention/Distraction,Driver Inattention/Distraction,,,,3665639,Station Wagon/Sport Utility Vehicle,Sedan,,,
2017-04-20T00:00:00.000,8:20,,,40.708324,-73.84314,"(40.708324, -73.84314)",JACKIE ROBINSON PKWY            ,,,0,0,0,0,0,0,0,0,Pavement Slippery,Unspecified,,,,3654044,Sedan,Station Wagon/Sport Utility Vehicle,,,
2017-04-29T00:00:00.000,23:30,,,40.628567,-73.888794,"(40.628567, -73.888794)",BELT PARKWAY                    ,,,0,0,0,0,0,0,0,0,Driver Inattention/Distraction,Unspecified,,,,3660147,Station Wagon/Sport Utility Vehicle,Station Wagon/Sport Utility Vehicle,,,
2017-04-20T00:00:00.000,9:25,,,40.855972,-73.869896,"(40.855972, -73.869896)",BOSTON ROAD                     ,BRONX PARK EAST,,0,0,0,0,0,0,0,0,Unspecified,Unspecified,,,,3654336,Sedan,Sedan,,,
2017-04-27T00:00:00.000,13:00,QUEENS,11379,40.713947,-73.88422,"(40.713947, -73.88422)",71 STREET                       ,66 ROAD,,2,0,0,0,0,0,2,0,Driver Inattention/Distraction,Unspecified,,,,3659011,Sedan,Sedan,,,
2017-04-21T00:00:00.000,13:50,BRONX,10460,40.837864,-73.86356,"(40.837864, -73.86356)",WHITE PLAINS ROAD               ,ARCHER STREET,,2,0,0,0,0,0,2,0,Driver Inattention/Distraction,Unspecified,Unspecified,,,3654925,Station Wagon/Sport Utility Vehicle,Sedan,Sedan,,
2017-05-09T00:00:00.000,13:50,QUEENS,11419,40.686234,-73.82418,"(40.686234, -73.82418)",LEFFERTS BOULEVARD              ,LIBERTY AVENUE,,0,0,0,0,0,0,0,0,Reaction to Uninvolved Vehicle,Unspecified,,,,3666225,Box Truck,Pick-up Truck,,,
2017-05-02T00:00:00.000,14:00,BROOKLYN,11205,40.698677,-73.95886,"(40.698677, -73.95886)",FRANKLIN AVENUE                 ,FLUSHING AVENUE,,0,0,0,0,0,0,0,0,Following Too Closely,Unspecified,,,,3662243,Sedan,Sedan,,,
2017-04-26T00:00:00.000,18:20,BRONX,10468,40.861347,-73.897736,"(40.861347, -73.897736)",GRAND CONCOURSE                 ,EAST 188 STREET,,0,0,0,0,0,0,0,0,Unspecified,Unspecified,,,,3658227,Sedan,Sedan,,,
2017-04-25T00:00:00.000,5:40,MANHATTAN,10013,40.72135,-74.00465,"(40.72135, -74.00465)",CANAL STREET                    ,WEST BROADWAY,,0,0,0,0,0,0,0,0,Driver Inattention/Distraction,Driver Inattention/Distraction,,,,3658511,Pick-up Truck,Box Truck,,,
2017-05-05T00:00:00.000,10:44,QUEENS,11416,40.686646,-73.849075,"(40.686646, -73.849075)",95 AVENUE                       ,93 STREET,,0,0,0,0,0,0,0,0,Failure to Yield Right-of-Way,Unspecified,,,,3663809,Station Wagon/Sport Utility Vehicle,Station Wagon/Sport Utility Vehicle,,,
2017-05-08T00:00:00.000,7:00,BRONX,10456,40.83404,-73.89963,"(40.83404, -73.89963)",,,630       EAST 170 STREET               ,0,0,0,0,0,0,0,0,Unspecified,,,,,3666080,Sedan,,,,
2017-04-20T00:00:00.000,0:00,BRONX,10456,40.827347,-73.90739,"(40.827347, -73.90739)",,,3380      3 AVENUE                      ,1,0,0,0,1,0,0,0,Driver Inattention/Distraction,Pavement Slippery,,,,3655392,Sedan,Bike,,,
2017-05-03T00:00:00.000,8:59,BROOKLYN,11207,40.674114,-73.88975,"(40.674114, -73.88975)",GLENMORE AVENUE                 ,HENDRIX STREET,,0,0,0,0,0,0,0,0,Following Too Closely,Unspecified,,,,3662194,Ambulance,Sedan,,,
2017-05-10T00:00:00.000,8:30,,,40.73715,-73.930824,"(40.73715, -73.930824)",BORDEN AVENUE                   ,GREENPOINT AVENUE,,0,0,0,0,0,0,0,0,Driver Inattention/Distraction,Driver Inattention/Distraction,,,,3667688,Station Wagon/Sport Utility Vehicle,Sedan,,,
2017-04-20T00:00:00.000,13:00,,,40.738796,-73.97716,"(40.738796, -73.97716)",1 AVENUE                        ,,,1,0,0,0,0,0,1,0,Unspecified,Unspecified,,,,3660181,Sedan,Sedan,,,
2017-04-30T00:00:00.000,4:15,BRONX,10472,40.83265,-73.86366,"(40.83265, -73.86366)",WESTCHESTER AVENUE              ,LELAND AVENUE,,0,0,0,0,0,0,0,0,Turning Improperly,Unspecified,,,,3660643,Sedan,Sedan,,,
2017-04-20T00:00:00.000,0:51,QUEENS,11101,40.75201,-73.93016,"(40.75201, -73.93016)",NORTHERN BOULEVARD              ,34 STREET,,0,0,0,0,0,0,0,0,Passing or Lane Usage Improper,Unsafe Lane Changing,,,,3653937,Sedan,Sedan,,,
2017-04-30T00:00:00.000,12:30,BRONX,10469,40.866096,-73.83785,"(40.866096, -73.83785)",EAST GUN HILL ROAD              ,TIEMANN AVENUE,,0,0,0,0,0,0,0,0,Driver Inattention/Distraction,Driver Inattention/Distraction,,,,3659946,Sedan,Station Wagon/Sport Utility Vehicle,,,
2017-04-21T00:00:00.000,13:56,MANHATTAN,10001,40.746956,-73.98692,"(40.746956, -73.98692)",,,19        WEST 31 STREET                ,0,0,0,0,0,0,0,0,Driver Inattention/Distraction,Unspecified,,,,3655505,Sedan,Sedan,,,
2017-05-05T00:00:00.000,14:10,QUEENS,11422,40.636112,-73.7403,"(40.636112, -73.7403)",ROCKAWAY BOULEVARD              ,MEYER AVENUE,,0,0,0,0,0,0,0,0,Unspecified,Unspecified,,,,3663828,Sedan,Sedan,,,
2017-04-21T00:00:00.000,7:35,BROOKLYN,11235,40.58416,-73.95268,"(40.58416, -73.95268)",BAY COURT                       ,EAST 16 STREET,,0,0,0,0,0,0,0,0,Unspecified,Unspecified,,,,3655473,Station Wagon/Sport Utility Vehicle,Sedan,,,
2017-04-18T00:00:00.000,11:00,,,40.76211,-73.96016,"(40.76211, -73.96016)",EAST 63 STREET                  ,,,0,0,0,0,0,0,0,0,Driver Inattention/Distraction,Unspecified,,,,3653986,Station Wagon/Sport Utility Vehicle,,,,
2019-06-25T00:00:00.000,19:00,,,,,,BROOKLYN QUEENS EXPRESSWAY W/B  ,BULOVA AVENUE,,0,0,0,0,0,0,0,0,Steering Failure,Unspecified,,,,4159320,Sedan,Station Wagon/Sport Utility Vehicle,,,
2017-05-07T00:00:00.000,19:15,,,40.691914,-73.88363,"(40.691914, -73.88363)",JACKIE ROBINSON PKWY            ,,,0,0,0,0,0,0,0,0,Following Too Closely,Unspecified,,,,3665507,Sedan,Station Wagon/Sport Utility Vehicle,,,
2017-05-08T00:00:00.000,17:57,QUEENS,11429,40.710938,-73.74355,"(40.710938, -73.74355)",,,106-16    215 STREET                    ,0,0,0,0,0,0,0,0,Driver Inexperience,,,,,3666016,Sedan,,,,
2017-04-25T00:00:00.000,9:09,STATEN ISLAND,10312,40.529263,-74.18986,"(40.529263, -74.18986)",HUGUENOT AVENUE                 ,DEISIUS STREET,,0,0,0,0,0,0,0,0,Driver Inattention/Distraction,Unspecified,,,,3658155,Station Wagon/Sport Utility Vehicle,Station Wagon/Sport Utility Vehicle,,,
2017-04-24T00:00:00.000,12:20,MANHATTAN,10007,40.715984,-74.010254,"(40.715984, -74.010254)",,,157       CHAMBERS STREET               ,0,0,0,0,0,0,0,0,Reaction to Uninvolved Vehicle,Unspecified,,,,3656918,Box Truck,Sedan,,,
2017-04-22T00:00:00.000,12:20,,,40.73177,-73.866714,"(40.73177, -73.866714)",QUEENS BOULEVARD                ,62 AVENUE,,0,0,0,0,0,0,0,0,Unspecified,Unspecified,,,,3655215,Sedan,Pick-up Truck,,,
2017-05-08T00:00:00.000,17:30,,,40.73251,-73.857056,"(40.73251, -73.857056)",99 STREET                       ,,,0,0,0,0,0,0,0,0,Failure to Yield Right-of-Way,Unspecified,,,,3665965,Sedan,Station Wagon/Sport Utility Vehicle,,,
2017-05-06T00:00:00.000,16:23,,,40.77855,-73.925674,"(40.77855, -73.925674)",TRIBOROUGH BRIDGE               ,,,0,0,0,0,0,0,0,0,Unspecified,Unspecified,,,,3666670,Sedan,,,,
2017-05-06T00:00:00.000,16:34,BROOKLYN,11231,40.67236,-74.01123,"(40.67236, -74.01123)",,,1         BEARD STREET                  ,0,0,0,0,0,0,0,0,Backing Unsafely,,,,,3664425,Sedan,,,,
2017-04-28T00:00:00.000,18:15,BROOKLYN,11236,40.63132,-73.902336,"(40.63132, -73.902336)",EAST 85 STREET                  ,AVENUE M,,0,0,0,0,0,0,0,0,Failure to Yield Right-of-Way,Unspecified,,,,3660073,Sedan,Pick-up Truck,,,
2017-05-03T00:00:00.000,18:20,BRONX,10459,40.820984,-73.891624,"(40.820984, -73.891624)",EAST 163 STREET                 ,SOUTHERN BOULEVARD,,0,0,0,0,0,0,0,0,Passing Too Closely,Unspecified,,,,3663905,Station Wagon/Sport Utility Vehicle,Sedan,,,
2017-05-05T00:00:00.000,17:00,QUEENS,11434,40.65616,-73.76736,"(40.65616, -73.76736)",BREWER BOULEVARD                ,ROCKAWAY BOULEVARD,,0,0,0,0,0,0,0,0,Oversized Vehicle,Unspecified,,,,3663917,Station Wagon/Sport Utility Vehicle,Station Wagon/Sport Utility Vehicle,,,
2017-05-04T00:00:00.000,8:35,,,40.718254,-73.88815,"(40.718254, -73.88815)",69 PLACE                        ,,,0,0,0,0,0,0,0,0,Traffic Control Disregarded,Unspecified,,,,3662998,Station Wagon/Sport Utility Vehicle,Station Wagon/Sport Utility Vehicle,,,
2017-05-03T00:00:00.000,16:15,BRONX,10462,40.84772,-73.86704,"(40.84772, -73.86704)",,,1907      WHITE PLAINS ROAD             ,1,0,0,0,0,0,1,0,Other Vehicular,Aggressive Driving/Road Rage,Unspecified,,,3662923,Station Wagon/Sport Utility Vehicle,Station Wagon/Sport Utility Vehicle,,,
2017-04-19T00:00:00.000,8:00,,,40.76732,-73.92231,"(40.76732, -73.92231)",30 STREET                       ,30 AVENUE,,0,0,0,0,0,0,0,0,Following Too Closely,Unspecified,,,,3653447,Station Wagon/Sport Utility Vehicle,Sedan,,,
2017-04-25T00:00:00.000,15:00,MANHATTAN,10012,40.72235,-73.99327,"(40.72235, -73.99327)",BOWERY                          ,PRINCE STREET,,0,0,0,0,0,0,0,0,Failure to Yield Right-of-Way,Unspecified,,,,3660747,Sedan,Convertible,,,
2017-04-16T00:00:00.000,9:30,BROOKLYN,11229,40.5983,-73.94149,"(40.5983, -73.94149)",AVENUE V                        ,NOSTRAND AVENUE,,0,0,0,0,0,0,0,0,Unspecified,,,,,3652225,Sedan,,,,
2017-05-05T00:00:00.000,7:00,MANHATTAN,10033,40.85206,-73.934784,"(40.85206, -73.934784)",WEST 184 STREET                 ,BROADWAY,,0,0,0,0,0,0,0,0,Unspecified,,,,,3663795,Sedan,,,,
2017-04-25T00:00:00.000,11:29,,,,,,GRAND CENTRAL PKWY              ,,,0,0,0,0,0,0,0,0,Driver Inattention/Distraction,Unsafe Lane Changing,,,,3657640,Station Wagon/Sport Utility Vehicle,Sedan,,,
2017-04-17T00:00:00.000,11:00,,,,,,,,VERMONT PLACE                           ,0,0,0,0,0,0,0,0,Driver Inattention/Distraction,Unspecified,,,,3652435,Sedan,,,,
2017-05-09T00:00:00.000,8:00,,,40.788788,-73.78443,"(40.788788, -73.78443)",CROSS ISLAND PARKWAY            ,,,0,0,0,0,0,0,0,0,Failure to Yield Right-of-Way,Unspecified,,,,3666570,Sedan,Garbage or Refuse,,,
2017-05-04T00:00:00.000,5:15,,,40.73632,-73.85631,"(40.73632, -73.85631)",LONG ISLAND EXPRESSWAY          ,,,0,0,0,0,0,0,0,0,Unspecified,,,,,3663266,Sedan,,,,
2017-05-01T00:00:00.000,15:35,MANHATTAN,10031,40.822643,-73.953224,"(40.822643, -73.953224)",BROADWAY                        ,WEST 139 STREET,,0,0,0,0,0,0,0,0,Unspecified,Unspecified,,,,3661105,Station Wagon/Sport Utility Vehicle,Sedan,,,
2017-05-03T00:00:00.000,16:30,BROOKLYN,11238,40.674664,-73.97025,"(40.674664, -73.97025)",,,10        GRAND ARMY PLAZA              ,0,0,0,0,0,0,0,0,Turning Improperly,Unspecified,,,,3662750,Station Wagon/Sport Utility Vehicle,Taxi,,,
2017-04-14T00:00:00.000,16:35,BROOKLYN,11223,40.609985,-73.96239,"(40.609985, -73.96239)",AVENUE P                        ,CONEY ISLAND AVENUE,,0,0,0,0,0,0,0,0,Unspecified,Unspecified,,,,3651208,Sedan,Sedan,,,
2017-04-25T00:00:00.000,17:08,BRONX,10467,40.8678,-73.86251,"(40.8678, -73.86251)",ARNOW AVENUE                    ,MATTHEWS AVENUE,,4,0,0,0,0,0,4,0,Traffic Control Disregarded,Unspecified,,,,3657637,Sedan,Sedan,,,
2017-04-15T00:00:00.000,18:25,,,40.76588,-73.99464,"(40.76588, -73.99464)",11 AVENUE                       ,,,1,0,0,0,0,0,1,0,Unsafe Speed,Unspecified,,,,3652576,Sedan,Sedan,,,
2018-07-23T00:00:00.000,10:30,,,,,,HARLEM RIVER DRIVE              ,,,1,0,0,0,0,0,1,0,Unspecified,Unspecified,,,,3948226,Sedan,Sedan,,,
2018-02-17T00:00:00.000,18:50,,,40.75837,-201.23706,"(40.75837, -201.23706)",QUEENSBORO BRIDGE UPPER ROADWAY ,,,0,0,0,0,0,0,0,0,Unspecified,Unspecified,,,,3849177,Taxi,Sedan,,,
2017-04-24T00:00:00.000,8:30,QUEENS,11369,40.76197,-73.86917,"(40.76197, -73.86917)",,,100-09    ASTORIA BOULEVARD             ,0,0,0,0,0,0,0,0,Passing or Lane Usage Improper,Unspecified,,,,3656318,Pick-up Truck,Taxi,,,
2017-05-06T00:00:00.000,17:35,,,40.845024,-73.92632,"(40.845024, -73.92632)",CROSS BRONX EXPY                ,,,0,0,0,0,0,0,0,0,Unsafe Lane Changing,Unspecified,,,,3664715,Taxi,Sedan,,,
2017-04-24T00:00:00.000,19:50,MANHATTAN,10007,40.713135,-74.00407,"(40.713135, -74.00407)",CENTRE STREET                   ,CHAMBERS STREET,,0,0,0,0,0,0,0,0,Unsafe Lane Changing,Unspecified,,,,3656990,Pick-up Truck,Sedan,,,
2017-05-10T00:00:00.000,7:45,QUEENS,11369,40.758694,-73.87345,"(40.758694, -73.87345)",32 AVENUE                       ,95 STREET,,0,0,0,0,0,0,0,0,Unspecified,Unspecified,,,,3668192,Sedan,Bus,,,
2017-05-06T00:00:00.000,17:30,MANHATTAN,10033,40.848736,-73.93234,"(40.848736, -73.93234)",AUDUBON AVENUE                  ,WEST 181 STREET,,0,0,0,0,0,0,0,0,Driver Inexperience,Unspecified,,,,3666251,tower,Sedan,,,
2017-04-26T00:00:00.000,13:30,QUEENS,11423,40.7074,-73.771614,"(40.7074, -73.771614)",,,102-27    186 STREET                    ,0,0,0,0,0,0,0,0,Driver Inattention/Distraction,Unspecified,,,,3657954,Station Wagon/Sport Utility Vehicle,Sedan,,,
2017-05-05T00:00:00.000,16:10,MANHATTAN,10026,40.798126,-73.94832,"(40.798126, -73.94832)",WEST 112 STREET                 ,5 AVENUE,,1,0,1,0,0,0,0,0,Driver Inattention/Distraction,,,,,3665654,Taxi,,,,
2017-05-06T00:00:00.000,11:56,MANHATTAN,10018,40.75469,-73.993484,"(40.75469, -73.993484)",,,349       WEST 37 STREET                ,0,0,0,0,0,0,0,0,Driver Inattention/Distraction,Unspecified,,,,3665199,Sedan,Box Truck,,,
2017-05-03T00:00:00.000,8:40,QUEENS,11365,40.73811,-73.78942,"(40.73811, -73.78942)",184 STREET                      ,64 AVENUE,,0,0,0,0,0,0,0,0,Following Too Closely,Unspecified,,,,3662704,Sedan,Sedan,,,
2017-04-21T00:00:00.000,9:00,,,40.757393,-73.93547,"(40.757393, -73.93547)",24 STREET                       ,,,2,0,0,0,0,0,2,0,Failure to Yield Right-of-Way,Unspecified,,,,3655414,Taxi,Sedan,,,
2017-05-02T00:00:00.000,9:25,,,,,,MATTHEWSON ROAD                 ,RICHMAN PLAZA,,0,0,0,0,0,0,0,0,Unspecified,Unspecified,,,,3661510,Bus,Bus,,,
2017-05-06T00:00:00.000,12:27,QUEENS,11429,40.70768,-73.74512,"(40.70768, -73.74512)",110 AVENUE                      ,212 STREET,,0,0,0,0,0,0,0,0,Unspecified,Unspecified,,,,3664315,Sedan,Pick-up Truck,,,
2017-05-08T00:00:00.000,9:00,QUEENS,11370,40.773808,-73.8929,"(40.773808, -73.8929)",19 AVENUE                       ,HAZEN STREET,,0,0,0,0,0,0,0,0,Driver Inattention/Distraction,Unspecified,,,,3665829,Station Wagon/Sport Utility Vehicle,Station Wagon/Sport Utility Vehicle,,,
2017-04-28T00:00:00.000,17:45,QUEENS,11421,40.69283,-73.85468,"(40.69283, -73.85468)",90 STREET                       ,JAMAICA AVENUE,,0,0,0,0,0,0,0,0,Unspecified,Unspecified,Unspecified,Unspecified,,3659470,Sedan,Sedan,Station Wagon/Sport Utility Vehicle,Sedan,
2017-04-19T00:00:00.000,4:15,,,,,,BELT PARKWAY                    ,,,0,0,0,0,0,0,0,0,Unspecified,,,,,3654304,Sedan,,,,
2017-05-02T00:00:00.000,10:00,BROOKLYN,11209,40.62214,-74.02567,"(40.62214, -74.02567)",85 STREET                       ,5 AVENUE,,0,0,0,0,0,0,0,0,Failure to Yield Right-of-Way,Unspecified,,,,3662015,Station Wagon/Sport Utility Vehicle,Station Wagon/Sport Utility Vehicle,,,
2017-05-06T00:00:00.000,0:35,BRONX,10465,40.826797,-73.82237,"(40.826797, -73.82237)",EAST TREMONT AVENUE             ,DILL PLACE,,0,0,0,0,0,0,0,0,Unsafe Lane Changing,Unspecified,,,,3664010,Station Wagon/Sport Utility Vehicle,Station Wagon/Sport Utility Vehicle,,,
2017-05-02T00:00:00.000,14:45,,,40.675827,-73.817276,"(40.675827, -73.817276)",ROCKAWAY BOULEVARD              ,121 STREET,,1,0,1,0,0,0,0,0,Unspecified,,,,,3662273,Sedan,,,,
2017-04-28T00:00:00.000,7:45,,,40.713596,-73.85964,"(40.713596, -73.85964)",WOODHAVEN BOULEVARD             ,,,0,0,0,0,0,0,0,0,Passing Too Closely,Unspecified,,,,3658945,Sedan,Sedan,,,
2017-04-20T00:00:00.000,13:20,MANHATTAN,10025,40.79335,-73.97275,"(40.79335, -73.97275)",BROADWAY                        ,WEST 94 STREET,,0,0,0,0,0,0,0,0,Driver Inattention/Distraction,Unspecified,,,,3654666,Sedan,Taxi,,,
2017-04-15T00:00:00.000,4:30,BROOKLYN,11208,40.67415,-73.88068,"(40.67415, -73.88068)",,,2481      PITKIN AVENUE                 ,0,0,0,0,0,0,0,0,Unspecified,,,,,3651150,Sedan,,,,
2017-04-25T00:00:00.000,7:00,QUEENS,11101,40.740364,-73.94956,"(40.740364, -73.94956)",,,21-10     BORDEN AVENUE                 ,0,0,0,0,0,0,0,0,Oversized Vehicle,Following Too Closely,,,,3657807,Station Wagon/Sport Utility Vehicle,Sedan,,,
2017-04-28T00:00:00.000,1:00,MANHATTAN,10012,40.72495,-73.99492,"(40.72495, -73.99492)",EAST HOUSTON STREET             ,MULBERRY STREET,,0,0,0,0,0,0,0,0,Driver Inattention/Distraction,Unspecified,,,,3659461,Sedan,Sedan,,,
2017-04-30T00:00:00.000,19:07,QUEENS,11421,40.690098,-73.86113,"(40.690098, -73.86113)",,,80-66     88 AVENUE                     ,0,0,0,0,0,0,0,0,Driver Inattention/Distraction,Unspecified,,,,3660664,Station Wagon/Sport Utility Vehicle,,,,
2017-04-23T00:00:00.000,21:40,,,40.84921,-73.90011,"(40.84921, -73.90011)",WEBSTER AVENUE                  ,,,0,0,0,0,0,0,0,0,Passing or Lane Usage Improper,Unspecified,,,,3656764,Sedan,Station Wagon/Sport Utility Vehicle,,,
2017-04-28T00:00:00.000,13:30,MANHATTAN,10001,40.74959,-74.00279,"(40.74959, -74.00279)",WEST 26 STREET                  ,10 AVENUE,,0,0,0,0,0,0,0,0,Backing Unsafely,Unspecified,,,,3660763,Sedan,Carry All,,,
2017-05-01T00:00:00.000,16:30,,,,,,MYRTLE AVENUE                   ,,,0,0,0,0,0,0,0,0,Unspecified,Unspecified,,,,3661651,Sedan,Sedan,,,
2017-05-07T00:00:00.000,14:20,BROOKLYN,11236,40.638363,-73.900116,"(40.638363, -73.900116)",EAST 93 STREET                  ,AVENUE K,,1,0,0,0,0,0,1,0,Aggressive Driving/Road Rage,Unspecified,,,,3665488,Sedan,Sedan,,,
2017-05-01T00:00:00.000,9:10,BRONX,10458,40.85681,-73.89818,"(40.85681, -73.89818)",VALENTINE AVENUE                ,EAST 183 STREET,,1,0,0,0,0,0,1,0,Driver Inattention/Distraction,Unspecified,,,,3660817,Taxi,Station Wagon/Sport Utility Vehicle,,,
2017-05-05T00:00:00.000,11:35,BRONX,10468,,,,EAST BEDFORD PARK BOULEVARD     ,JEROME AVENUE,,1,0,1,0,0,0,0,0,Failure to Yield Right-of-Way,,,,,3664081,Sedan,,,,
2017-04-19T00:00:00.000,14:50,,,40.71153,-73.95504,"(40.71153, -73.95504)",BROOKLYN QUEENS EXPRESSWAY      ,,,0,0,0,0,0,0,0,0,Following Too Closely,Unspecified,,,,3653790,Station Wagon/Sport Utility Vehicle,Box Truck,,,
2017-04-16T00:00:00.000,16:45,BROOKLYN,11234,40.588852,-73.89942,"(40.588852, -73.89942)",,,3260      FLATBUSH AVENUE               ,0,0,0,0,0,0,0,0,Failure to Yield Right-of-Way,Unspecified,,,,3652710,Sedan,Bike,,,
2017-04-27T00:00:00.000,10:15,BROOKLYN,11205,40.693516,-73.96499,"(40.693516, -73.96499)",RYERSON STREET                  ,MYRTLE AVENUE,,0,0,0,0,0,0,0,0,Other Vehicular,Unspecified,Unspecified,,,3658486,Station Wagon/Sport Utility Vehicle,Station Wagon/Sport Utility Vehicle,Sedan,,
2017-04-15T00:00:00.000,14:00,BROOKLYN,11235,40.594387,-73.93543,"(40.594387, -73.93543)",,,3061      AVENUE X                      ,0,0,0,0,0,0,0,0,Driver Inattention/Distraction,Driver Inattention/Distraction,,,,3652041,Station Wagon/Sport Utility Vehicle,Sedan,,,
2017-04-18T00:00:00.000,10:45,STATEN ISLAND,10312,40.533882,-74.16231,"(40.533882, -74.16231)",WOODS OF ARDEN ROAD             ,SHIRLEY AVENUE,,1,0,0,0,0,0,1,0,Traffic Control Disregarded,Unspecified,,,,3653500,Station Wagon/Sport Utility Vehicle,Station Wagon/Sport Utility Vehicle,,,
2017-04-28T00:00:00.000,15:20,,,40.86913,-73.89582,"(40.86913, -73.89582)",PARKVIEW TERRACE                ,,,0,0,0,0,0,0,0,0,Backing Unsafely,Unspecified,,,,3659163,Pick-up Truck,Sedan,,,
2017-04-23T00:00:00.000,20:45,,,40.669476,-73.919975,"(40.669476, -73.919975)",HOWARD AVENUE                   ,,,0,0,0,0,0,0,0,0,Other Vehicular,Other Vehicular,,,,3656496,Station Wagon/Sport Utility Vehicle,Sedan,,,
2017-05-06T00:00:00.000,10:53,MANHATTAN,10019,40.761192,-73.98549,"(40.761192, -73.98549)",,,252       WEST 49 STREET                ,0,0,0,0,0,0,0,0,Aggressive Driving/Road Rage,Unspecified,,,,3664269,Van,Bus,,,
2017-05-02T00:00:00.000,16:51,STATEN ISLAND,10308,40.551563,-74.1453,"(40.551563, -74.1453)",AMBOY ROAD                      ,GREAT KILLS ROAD,,2,0,0,0,0,0,2,0,Driver Inattention/Distraction,Unspecified,,,,3662041,Sedan,Station Wagon/Sport Utility Vehicle,,,
2017-04-17T00:00:00.000,18:22,,,40.772415,-73.97874,"(40.772415, -73.97874)",TRANSVERSE ROAD NUMBER ONE      ,,,0,0,0,0,0,0,0,0,Driver Inattention/Distraction,Unspecified,,,,3652638,Sedan,Taxi,,,
2017-05-03T00:00:00.000,12:00,,,40.594616,-73.99743,"(40.594616, -73.99743)",BELT PARKWAY                    ,,,0,0,0,0,0,0,0,0,Driver Inexperience,Unspecified,,,,3663890,Station Wagon/Sport Utility Vehicle,Sedan,,,
2017-04-22T00:00:00.000,0:45,,,40.8746,-73.9097,"(40.8746, -73.9097)",BROADWAY                        ,WEST 225 STREET,,0,0,0,0,0,0,0,0,Unspecified,Unspecified,,,,3656535,Pick-up Truck,Sedan,,,
2017-04-17T00:00:00.000,9:30,,,40.70731,-73.764626,"(40.70731, -73.764626)",104 AVENUE                      ,,,0,0,0,0,0,0,0,0,Driver Inattention/Distraction,Unspecified,,,,3652778,Sedan,,,,
2017-05-02T00:00:00.000,18:00,QUEENS,11375,40.721676,-73.835976,"(40.721676, -73.835976)",GRAND CENTRAL PARKWAY           ,72 ROAD,,0,0,0,0,0,0,0,0,Following Too Closely,Unspecified,Unspecified,Unspecified,,3661721,Sedan,Sedan,Station Wagon/Sport Utility Vehicle,Sedan,
2017-04-27T00:00:00.000,18:00,STATEN ISLAND,10309,40.542965,-74.21845,"(40.542965, -74.21845)",BLOOMINGDALE ROAD               ,MASON BOULEVARD,,1,0,0,0,0,0,1,0,Driver Inattention/Distraction,Failure to Yield Right-of-Way,,,,3660324,Station Wagon/Sport Utility Vehicle,Sedan,,,
2017-04-28T00:00:00.000,23:45,MANHATTAN,10034,40.864697,-73.91965,"(40.864697, -73.91965)",,,135       POST AVENUE                   ,0,0,0,0,0,0,0,0,Passing Too Closely,Unspecified,,,,3660992,Sedan,Sedan,,,
2017-04-25T00:00:00.000,11:00,,,40.87584,-73.90314,"(40.87584, -73.90314)",WEST 230 STREET                 ,,,0,0,0,0,0,0,0,0,Unspecified,,,,,3657349,Sedan,,,,
2017-04-29T00:00:00.000,15:24,,,40.77491,-73.92821,"(40.77491, -73.92821)",14 STREET                       ,26 AVENUE,,0,0,0,0,0,0,0,0,Backing Unsafely,Unspecified,,,,3659715,Sedan,Station Wagon/Sport Utility Vehicle,,,
2017-05-04T00:00:00.000,14:33,MANHATTAN,10017,40.756607,-73.97651,"(40.756607, -73.97651)",EAST 48 STREET                  ,MADISON AVENUE,,0,0,0,0,0,0,0,0,Other Vehicular,Following Too Closely,,,,3663691,Sedan,Van,,,
2017-04-22T00:00:00.000,9:35,BROOKLYN,11216,40.683746,-73.952446,"(40.683746, -73.952446)",,,218       PUTNAM AVENUE                 ,0,0,0,0,0,0,0,0,Unspecified,,,,,3655952,Sedan,,,,
2017-04-28T00:00:00.000,10:30,,,40.830257,-73.914856,"(40.830257, -73.914856)",COLLEGE AVENUE                  ,,,0,0,0,0,0,0,0,0,Driver Inexperience,Unspecified,,,,3659373,Sedan,Sedan,,,
2017-04-23T00:00:00.000,20:30,BRONX,10455,40.817574,-73.90359,"(40.817574, -73.90359)",UNION AVENUE                    ,EAST 156 STREET,,0,0,0,0,0,0,0,0,Unspecified,Unspecified,,,,3656100,Station Wagon/Sport Utility Vehicle,Station Wagon/Sport Utility Vehicle,,,
2017-09-12T00:00:00.000,7:55,QUEENS,11354,,,,NORTHERN BOULEVARD              ,PRINCE STREET,,0,0,0,0,0,0,0,0,Other Vehicular,Unspecified,,,,3748954,Sedan,Dump,,,
2019-12-04T00:00:00.000,20:18,,,,,,metropolitian avenue            ,55 street,,0,0,0,0,0,0,0,0,Unspecified,,,,,4252600,Sedan,,,,
2017-05-04T00:00:00.000,7:59,BROOKLYN,11230,40.63524,-73.967636,"(40.63524, -73.967636)",18 AVENUE                       ,CONEY ISLAND AVENUE,,0,0,0,0,0,0,0,0,Passing or Lane Usage Improper,Driver Inattention/Distraction,,,,3664700,Station Wagon/Sport Utility Vehicle,Sedan,,,
2017-05-07T00:00:00.000,17:35,STATEN ISLAND,10305,40.589035,-74.08988,"(40.589035, -74.08988)",HYLAN BOULEVARD                 ,DELAWARE AVENUE,,0,0,0,0,0,0,0,0,Unsafe Lane Changing,Unspecified,,,,3665646,Station Wagon/Sport Utility Vehicle,Station Wagon/Sport Utility Vehicle,,,
2017-05-05T00:00:00.000,8:30,,,40.73696,-73.98451,"(40.73696, -73.98451)",EAST 20 STREET                  ,,,0,0,0,0,0,0,0,0,Passing or Lane Usage Improper,Pavement Slippery,,,,3665329,Station Wagon/Sport Utility Vehicle,Taxi,,,
2017-05-07T00:00:00.000,9:35,BRONX,10468,,,,WEBB AVENUE                     ,FORDHAM HILL OVAL,,0,0,0,0,0,0,0,0,Unspecified,Unspecified,,,,3666418,Station Wagon/Sport Utility Vehicle,Taxi,,,
2017-04-24T00:00:00.000,14:45,,,40.756725,-73.96,"(40.756725, -73.96)",FDR DRIVE                       ,,,0,0,0,0,0,0,0,0,Driver Inattention/Distraction,Driver Inattention/Distraction,,,,3656784,Sedan,Sedan,,,
2017-05-06T00:00:00.000,15:30,,,40.671898,-73.92231,"(40.671898, -73.92231)",RALPH AVENUE                    ,,,0,0,0,0,0,0,0,0,Unspecified,Unspecified,,,,3666565,Sedan,Sedan,,,
2017-04-21T00:00:00.000,21:00,,,40.770313,-73.99141,"(40.770313, -73.99141)",11 AVENUE                       ,,,0,0,0,0,0,0,0,0,Passing or Lane Usage Improper,Unspecified,,,,3656184,Sedan,Taxi,,,
2017-04-30T00:00:00.000,19:40,QUEENS,11419,40.695858,-73.81891,"(40.695858, -73.81891)",130 STREET                      ,ATLANTIC AVENUE,,1,0,0,0,0,0,1,0,Traffic Control Disregarded,Unspecified,,,,3660665,Sedan,Station Wagon/Sport Utility Vehicle,,,
2017-04-16T00:00:00.000,14:00,,,40.740078,-73.89969,"(40.740078, -73.89969)",BROOKLYN QUEENS EXPRESSWAY      ,,,5,0,0,0,0,0,5,0,Following Too Closely,Unspecified,,,,3652528,Sedan,Sedan,,,
2017-04-21T00:00:00.000,15:10,BRONX,10463,40.878983,-73.90609,"(40.878983, -73.90609)",,,3058      GODWIN TERRACE                ,2,0,0,0,0,0,2,0,Driver Inattention/Distraction,Unspecified,,,,3654928,Sedan,Sedan,,,
2017-05-04T00:00:00.000,21:00,MANHATTAN,10003,40.732983,-73.99118,"(40.732983, -73.99118)",,,815       BROADWAY                      ,1,0,0,0,1,0,0,0,Failure to Yield Right-of-Way,Unspecified,,,,3665401,Bike,Bike,,,
2017-05-03T00:00:00.000,0:00,BROOKLYN,11213,40.668854,-73.92555,"(40.668854, -73.92555)",,,291       BUFFALO AVENUE                ,0,0,0,0,0,0,0,0,Unspecified,Unspecified,,,,3664452,Sedan,Sedan,,,
2017-05-09T00:00:00.000,16:20,QUEENS,11372,40.756084,-73.880486,"(40.756084, -73.880486)",,,87-09     NORTHERN BOULEVARD            ,0,0,0,0,0,0,0,0,Driver Inattention/Distraction,Unspecified,,,,3666764,Sedan,Sedan,,,
2017-05-02T00:00:00.000,0:10,MANHATTAN,10031,40.83054,-73.946526,"(40.83054, -73.946526)",,,584       WEST 152 STREET               ,0,0,0,0,0,0,0,0,Unspecified,Unspecified,,,,3668178,Sedan,,,,
2017-05-04T00:00:00.000,17:30,BRONX,10471,40.905178,-73.904625,"(40.905178, -73.904625)",,,5644      RIVERDALE AVENUE              ,0,0,0,0,0,0,0,0,Unspecified,Unspecified,,,,3663661,Station Wagon/Sport Utility Vehicle,Station Wagon/Sport Utility Vehicle,,,
2017-04-21T00:00:00.000,8:23,BROOKLYN,11222,40.73046,-73.9515,"(40.73046, -73.9515)",GREENPOINT AVENUE               ,MC GUINNESS BOULEVARD,,0,0,0,0,0,0,0,0,Unspecified,Unspecified,,,,3654672,Sedan,Box Truck,,,
2017-05-07T00:00:00.000,11:50,BRONX,10468,40.862717,-73.9023,"(40.862717, -73.9023)",WEST FORDHAM ROAD               ,DAVIDSON AVENUE,,1,0,0,0,0,0,1,0,Turning Improperly,Unspecified,,,,3666419,Sedan,Sedan,,,
2017-04-30T00:00:00.000,8:06,STATEN ISLAND,10304,40.632725,-74.079155,"(40.632725, -74.079155)",,,207       SAINT PAULS AVENUE            ,0,0,0,0,0,0,0,0,Unspecified,,,,,3660562,Pick-up Truck,,,,
2017-05-08T00:00:00.000,16:08,,,40.713135,-73.87528,"(40.713135, -73.87528)",METROPOLITAN AVENUE             ,,,1,0,0,0,1,0,0,0,Failure to Yield Right-of-Way,Unspecified,,,,3677331,Station Wagon/Sport Utility Vehicle,Bike,,,
2017-04-15T00:00:00.000,1:08,BRONX,10457,40.848927,-73.88816,"(40.848927, -73.88816)",EAST 181 STREET                 ,CROTONA AVENUE,,0,0,0,0,0,0,0,0,Failure to Yield Right-of-Way,Failure to Yield Right-of-Way,,,,3651131,Sedan,Station Wagon/Sport Utility Vehicle,,,
2017-04-24T00:00:00.000,17:45,QUEENS,11428,40.715145,-73.74935,"(40.715145, -73.74935)",JAMAICA AVENUE                  ,211 STREET,,1,0,0,0,0,0,1,0,Following Too Closely,Unspecified,,,,3656950,Sedan,Sedan,,,
2017-04-25T00:00:00.000,9:15,,,40.712498,-73.97776,"(40.712498, -73.97776)",FDR DRIVE                       ,,,0,0,0,0,0,0,0,0,Following Too Closely,Unspecified,,,,3657600,Sedan,Sedan,,,
2017-04-19T00:00:00.000,21:44,,,40.706657,-74.015915,"(40.706657, -74.015915)",WEST STREET                     ,,,0,0,0,0,0,0,0,0,Passing Too Closely,Unspecified,,,,3654376,Sedan,Station Wagon/Sport Utility Vehicle,,,
2017-04-21T00:00:00.000,9:15,BROOKLYN,11212,40.670616,-73.911934,"(40.670616, -73.911934)",,,45        CHESTER STREET                ,0,0,0,0,0,0,0,0,Turning Improperly,Unspecified,,,,3654954,Sedan,Sedan,,,
2017-04-15T00:00:00.000,8:00,,,,,,QUEENSBORO BRIDGE UPPER ROADWAY ,,,0,0,0,0,0,0,0,0,Aggressive Driving/Road Rage,Unspecified,,,,3651285,Sedan,,,,
2017-04-15T00:00:00.000,14:45,,,40.609642,-73.89738,"(40.609642, -73.89738)",BELT PARKWAY                    ,,,1,0,0,0,0,0,1,0,Following Too Closely,Unspecified,,,,3652290,Station Wagon/Sport Utility Vehicle,Sedan,,,
2020-09-28T00:00:00.000,0:12,,,,,,MURDOCK AVENUE                  ,,,1,0,0,0,0,0,1,0,Driver Inattention/Distraction,Unspecified,,,,4352274,Sedan,Sedan,,,
2017-05-09T00:00:00.000,13:15,,,40.76471,-73.830696,"(40.76471, -73.830696)",LINDEN PLACE                    ,,,1,0,0,0,0,0,1,0,Following Too Closely,Unspecified,,,,3666212,Sedan,Sedan,,,
2017-05-04T00:00:00.000,14:40,,,40.786785,-73.80971,"(40.786785, -73.80971)",CROSS ISLAND PARKWAY            ,,,0,0,0,0,0,0,0,0,Following Too Closely,Unspecified,,,,3665439,Station Wagon/Sport Utility Vehicle,Sedan,,,
2017-05-03T00:00:00.000,3:00,QUEENS,11418,40.699524,-73.83067,"(40.699524, -73.83067)",,,87-50     LEFFERTS BOULEVARD            ,0,0,0,0,0,0,0,0,Driver Inattention/Distraction,Unspecified,,,,3661978,Sedan,Sedan,,,
2017-05-04T00:00:00.000,6:50,,,,,,EAST FORDHAM ROAD               ,BRONX RIVER PARKWAY,,0,0,0,0,0,0,0,0,Failure to Yield Right-of-Way,Unspecified,,,,3664353,Station Wagon/Sport Utility Vehicle,Station Wagon/Sport Utility Vehicle,,,
2017-04-20T00:00:00.000,19:18,BROOKLYN,11230,40.624783,-73.96493,"(40.624783, -73.96493)",,,1114      AVENUE J                      ,0,0,0,0,0,0,0,0,Unspecified,Unspecified,,,,3656938,Sedan,Sedan,,,
2017-04-26T00:00:00.000,8:56,BRONX,10472,40.82864,-73.85344,"(40.82864, -73.85344)",OLMSTEAD AVENUE                 ,BLACKROCK AVENUE,,0,0,0,0,0,0,0,0,Traffic Control Disregarded,Unspecified,,,,3658452,Station Wagon/Sport Utility Vehicle,Station Wagon/Sport Utility Vehicle,,,
2017-04-26T00:00:00.000,16:30,BROOKLYN,11210,40.619186,-73.9493,"(40.619186, -73.9493)",AVENUE M                        ,EAST 26 STREET,,0,0,0,0,0,0,0,0,Failure to Yield Right-of-Way,Unspecified,,,,3658857,Station Wagon/Sport Utility Vehicle,Station Wagon/Sport Utility Vehicle,,,
2017-04-24T00:00:00.000,13:10,,,40.710976,-73.97962,"(40.710976, -73.97962)",FDR DRIVE                       ,,,0,0,0,0,0,0,0,0,Traffic Control Disregarded,Unspecified,,,,3656763,Sedan,Station Wagon/Sport Utility Vehicle,,,
2017-04-17T00:00:00.000,17:30,QUEENS,11379,40.713177,-73.89731,"(40.713177, -73.89731)",,,62-53     64 STREET                     ,0,0,0,0,0,0,0,0,Backing Unsafely,Unspecified,,,,3654189,Station Wagon/Sport Utility Vehicle,Station Wagon/Sport Utility Vehicle,,,
2017-04-21T00:00:00.000,16:46,STATEN ISLAND,10301,40.623055,-74.11327,"(40.623055, -74.11327)",CLOVE ROAD                      ,BROADWAY,,0,0,0,0,0,0,0,0,Driver Inattention/Distraction,Driver Inattention/Distraction,,,,3656009,PAS,4 dr sedan,,,
2017-04-22T00:00:00.000,14:00,,,40.714527,-73.97481,"(40.714527, -73.97481)",WILLIAMSBURG BRIDGE OUTER ROADWA,,,0,0,0,0,0,0,0,0,Unspecified,Unspecified,,,,3657605,Sedan,Taxi,,,
2017-04-21T00:00:00.000,10:00,,,40.625916,-74.13452,"(40.625916, -74.13452)",,,1351      FOREST AVENUE                 ,0,0,0,0,0,0,0,0,Unsafe Speed,Unspecified,,,,3655067,Sedan,Sedan,,,
2017-05-07T00:00:00.000,16:30,QUEENS,11379,40.712555,-73.89711,"(40.712555, -73.89711)",METROPOLITAN AVENUE             ,64 STREET,,0,0,0,0,0,0,0,0,Turning Improperly,Unspecified,Unspecified,Unspecified,,3665506,Sedan,Sedan,Van,Sedan,
2017-04-16T00:00:00.000,7:55,,,40.750538,-73.940636,"(40.750538, -73.940636)",QUEENS PLAZA SOUTH              ,CRESCENT STREET,,0,0,0,0,0,0,0,0,Driver Inattention/Distraction,Unspecified,,,,3651781,Station Wagon/Sport Utility Vehicle,Sedan,,,
2017-04-15T00:00:00.000,0:33,MANHATTAN,10006,40.710114,-74.012665,"(40.710114, -74.012665)",GREENWICH STREET                ,LIBERTY STREET,,0,0,0,0,0,0,0,0,View Obstructed/Limited,,,,,3656015,Sedan,,,,
2017-04-16T00:00:00.000,13:59,,,40.71552,-74.00925,"(40.71552, -74.00925)",WEST BROADWAY                   ,,,0,0,0,0,0,0,0,0,Passing Too Closely,Unspecified,,,,3651592,Station Wagon/Sport Utility Vehicle,Bus,,,
2017-05-01T00:00:00.000,17:30,BROOKLYN,11205,40.694687,-73.95521,"(40.694687, -73.95521)",SPENCER STREET                  ,MYRTLE AVENUE,,0,0,0,0,0,0,0,0,Driver Inattention/Distraction,Unspecified,,,,3662209,Ambulance,Box Truck,,,
2017-04-22T00:00:00.000,14:30,BROOKLYN,11234,40.62877,-73.91825,"(40.62877, -73.91825)",RALPH AVENUE                    ,AVENUE J,,0,0,0,0,0,0,0,0,Backing Unsafely,Unspecified,,,,3656103,Sedan,Sedan,,,
2017-04-30T00:00:00.000,3:00,QUEENS,11420,40.686024,-73.81087,"(40.686024, -73.81087)",133 STREET                      ,109 AVENUE,,0,0,0,0,0,0,0,0,Passing or Lane Usage Improper,Unspecified,Unspecified,Unspecified,Unspecified,3661596,Sedan,Sedan,Station Wagon/Sport Utility Vehicle,Station Wagon/Sport Utility Vehicle,Sedan
2017-04-16T00:00:00.000,13:00,QUEENS,11360,40.777023,-73.77554,"(40.777023, -73.77554)",BELL BOULEVARD                  ,28 AVENUE,,0,0,0,0,0,0,0,0,Traffic Control Device Improper/Non-Working,Traffic Control Device Improper/Non-Working,,,,3651749,Sedan,Station Wagon/Sport Utility Vehicle,,,
2017-04-24T00:00:00.000,16:30,BROOKLYN,11238,40.67553,-73.96319,"(40.67553, -73.96319)",GRAND AVENUE                    ,PARK PLACE,,0,0,0,0,0,0,0,0,Obstruction/Debris,Unspecified,,,,3663541,Sedan,Van,,,
2017-05-05T00:00:00.000,9:15,,,40.663982,-73.72963,"(40.663982, -73.72963)",HOOK CREEK BOULEVARD            ,250 STREET,,0,0,0,0,0,0,0,0,Failure to Yield Right-of-Way,Unspecified,,,,3663617,Sedan,Sedan,,,
2017-04-17T00:00:00.000,12:18,MANHATTAN,10022,40.760418,-73.97584,"(40.760418, -73.97584)",WEST 53 STREET                  ,5 AVENUE,,0,0,0,0,0,0,0,0,Unspecified,Unspecified,,,,3653166,Station Wagon/Sport Utility Vehicle,Taxi,,,
2017-05-05T00:00:00.000,19:02,MANHATTAN,10011,40.738552,-73.99969,"(40.738552, -73.99969)",WEST 14 STREET                  ,7 AVENUE,,0,0,0,0,0,0,0,0,Passing or Lane Usage Improper,Passing Too Closely,,,,3665464,Station Wagon/Sport Utility Vehicle,Carry All,,,
2017-04-28T00:00:00.000,19:00,BRONX,10452,40.844795,-73.92263,"(40.844795, -73.92263)",UNIVERSITY AVENUE               ,CROSS BRONX EXPRESSWAY,,0,0,0,0,0,0,0,0,Unspecified,Unspecified,,,,3659787,Station Wagon/Sport Utility Vehicle,Sedan,,,
2017-04-28T00:00:00.000,20:45,,,40.73599,-73.86551,"(40.73599, -73.86551)",JUNCTION BOULEVARD              ,,,0,0,0,0,0,0,0,0,Failure to Yield Right-of-Way,Unspecified,,,,3660608,Sedan,Sedan,,,
2017-04-19T00:00:00.000,9:15,MANHATTAN,10016,40.74608,-73.974945,"(40.74608, -73.974945)",EAST 36 STREET                  ,2 AVENUE,,0,0,0,0,0,0,0,0,Driver Inattention/Distraction,Unspecified,,,,3653574,Station Wagon/Sport Utility Vehicle,,,,
2017-04-25T00:00:00.000,8:08,QUEENS,11379,40.720528,-73.87228,"(40.720528, -73.87228)",PENELOPE AVENUE                 ,82 PLACE,,2,0,2,0,0,0,0,0,Failure to Yield Right-of-Way,,,,,3657563,Sedan,,,,
2017-04-27T00:00:00.000,15:11,,,,,,NEW ENGLAND THRUWAY             ,,,0,0,0,0,0,0,0,0,Unspecified,Unspecified,,,,3658463,Station Wagon/Sport Utility Vehicle,Sedan,,,
2017-04-25T00:00:00.000,14:17,,,40.686928,-73.98484,"(40.686928, -73.98484)",ATLANTIC AVENUE                 ,,,1,0,0,0,0,0,1,0,Other Vehicular,Driver Inattention/Distraction,,,,3656937,Sedan,Sedan,,,
2017-05-06T00:00:00.000,19:15,BRONX,10452,40.8283,-73.92447,"(40.8283, -73.92447)",GERARD AVENUE                   ,EAST 162 STREET,,0,0,0,0,0,0,0,0,Driver Inattention/Distraction,Driver Inattention/Distraction,,,,3664675,Sedan,Station Wagon/Sport Utility Vehicle,,,
2017-04-26T00:00:00.000,10:30,BROOKLYN,11201,40.689243,-73.98873,"(40.689243, -73.98873)",SMITH STREET                    ,STATE STREET,,0,0,0,0,0,0,0,0,Driver Inattention/Distraction,Unspecified,,,,3657989,Sedan,Sedan,,,
2017-05-05T00:00:00.000,14:00,BROOKLYN,11236,40.646313,-73.90772,"(40.646313, -73.90772)",,,939       EAST 94 STREET                ,0,0,0,0,0,0,0,0,Unspecified,,,,,3665536,Sedan,,,,
2017-04-17T00:00:00.000,14:20,BRONX,10457,40.85379,-73.89123,"(40.85379, -73.89123)",,,4521      3 AVENUE                      ,0,0,0,0,0,0,0,0,View Obstructed/Limited,Driver Inattention/Distraction,,,,3653253,Station Wagon/Sport Utility Vehicle,Station Wagon/Sport Utility Vehicle,,,
2017-05-08T00:00:00.000,19:25,,,,,,EAST 37 STREET                  ,FDR DRIVE,,0,0,0,0,0,0,0,0,Passing or Lane Usage Improper,Passing or Lane Usage Improper,,,,3665964,Sedan,Station Wagon/Sport Utility Vehicle,,,
2017-04-28T00:00:00.000,15:00,BROOKLYN,11238,40.685215,-73.95928,"(40.685215, -73.95928)",CLASSON AVENUE                  ,GATES AVENUE,,1,0,0,0,1,0,0,0,Unspecified,,,,,3659182,Bike,,,,
2017-04-15T00:00:00.000,16:00,BRONX,10463,40.88243,-73.902306,"(40.88243, -73.902306)",,,5716      BROADWAY                      ,0,0,0,0,0,0,0,0,Unspecified,Unspecified,,,,3651612,Sedan,Station Wagon/Sport Utility Vehicle,,,
2017-05-09T00:00:00.000,9:50,QUEENS,11101,40.753456,-73.941414,"(40.753456, -73.941414)",41 AVENUE                       ,22 STREET,,0,0,0,0,0,0,0,0,Following Too Closely,Unspecified,,,,3666637,Station Wagon/Sport Utility Vehicle,Station Wagon/Sport Utility Vehicle,,,
2017-04-23T00:00:00.000,22:50,,,,,,ATLANTIC AVENUE                 ,VANWYCK EXPRESSWAY,,0,0,0,0,0,0,0,0,Driver Inattention/Distraction,Driver Inattention/Distraction,,,,3656014,Sedan,Station Wagon/Sport Utility Vehicle,,,
2017-04-25T00:00:00.000,16:00,,,40.765224,-73.9317,"(40.765224, -73.9317)",21 STREET                       ,,,1,0,1,0,0,0,0,0,Driver Inattention/Distraction,,,,,3662785,Van,,,,
2017-05-02T00:00:00.000,17:55,MANHATTAN,10025,40.791496,-73.97224,"(40.791496, -73.97224)",WEST 92 STREET                  ,AMSTERDAM AVENUE,,0,0,0,0,0,0,0,0,Driver Inattention/Distraction,Driver Inattention/Distraction,,,,3662133,Sedan,Station Wagon/Sport Utility Vehicle,,,
2017-04-30T00:00:00.000,0:25,,,40.702293,-73.79117,"(40.702293, -73.79117)",MERRICK BOULEVARD               ,LIBERTY AVENUE,,0,0,0,0,0,0,0,0,Fell Asleep,Unspecified,,,,3659964,Sedan,Station Wagon/Sport Utility Vehicle,,,
2017-05-03T00:00:00.000,0:30,QUEENS,11432,40.714798,-73.80756,"(40.714798, -73.80756)",,,83-45     PARSONS BOULEVARD             ,0,0,0,0,0,0,0,0,Unspecified,,,,,3662711,Sedan,,,,
2017-04-23T00:00:00.000,7:05,,,40.666477,-73.808136,"(40.666477, -73.808136)",BELT PARKWAY                    ,,,4,0,0,0,0,0,4,0,Following Too Closely,Unsafe Lane Changing,,,,3656357,Station Wagon/Sport Utility Vehicle,Station Wagon/Sport Utility Vehicle,,,
2017-05-08T00:00:00.000,11:00,BRONX,10466,40.88702,-73.86319,"(40.88702, -73.86319)",,,639       EAST 223 STREET               ,0,0,0,0,0,0,0,0,Unspecified,Unspecified,,,,3666226,Tanker,Sedan,,,
2017-05-05T00:00:00.000,14:40,QUEENS,11429,40.70947,-73.74581,"(40.70947, -73.74581)",HOLLIS AVENUE                   ,212 STREET,,0,0,0,0,0,0,0,0,Failure to Yield Right-of-Way,Unspecified,,,,3663921,Sedan,Station Wagon/Sport Utility Vehicle,,,
2017-04-26T00:00:00.000,8:18,BRONX,10467,40.886555,-73.878395,"(40.886555, -73.878395)",,,3680      JEROME AVENUE                 ,0,0,0,0,0,0,0,0,Driver Inattention/Distraction,Driver Inattention/Distraction,,,,3662190,Station Wagon/Sport Utility Vehicle,PK,,,
2017-04-20T00:00:00.000,23:20,,,40.722496,-73.940414,"(40.722496, -73.940414)",BROOKLYN QUEENS EXPRESSWAY      ,,,0,0,0,0,0,0,0,0,Driver Inattention/Distraction,Unspecified,,,,3655145,Station Wagon/Sport Utility Vehicle,Sedan,,,
2017-05-03T00:00:00.000,12:50,,,40.651688,-73.88877,"(40.651688, -73.88877)",FLATLANDS AVENUE                ,,,0,0,0,0,0,0,0,0,Driver Inattention/Distraction,Unspecified,,,,3662348,Sedan,Station Wagon/Sport Utility Vehicle,,,
2017-04-27T00:00:00.000,11:30,BROOKLYN,11233,40.684166,-73.92931,"(40.684166, -73.92931)",HALSEY STREET                   ,REID AVENUE,,0,0,0,0,0,0,0,0,Driver Inattention/Distraction,Driver Inattention/Distraction,,,,3658732,Box Truck,Bus,,,
2017-04-24T00:00:00.000,6:30,,,40.826397,-73.92116,"(40.826397, -73.92116)",SHERIDAN AVENUE                 ,,,0,0,0,0,0,0,0,0,Backing Unsafely,Unspecified,,,,3661600,Sedan,Station Wagon/Sport Utility Vehicle,,,
2017-09-12T00:00:00.000,9:30,,,40.70001,-73.830894,"(40.70001, -73.830894)",LEFFERTS BOULEVARD              ,,,0,0,0,0,0,0,0,0,Following Too Closely,Unspecified,,,,3748242,Sedan,School Bus,,,
2017-05-04T00:00:00.000,0:30,MANHATTAN,10018,40.75529,-73.99493,"(40.75529, -73.99493)",9 AVENUE                        ,WEST 37 STREET,,0,0,0,0,0,0,0,0,Passing or Lane Usage Improper,Unspecified,,,,3663715,Taxi,Carry All,,,
2017-04-15T00:00:00.000,18:13,BROOKLYN,11226,40.639748,-73.952286,"(40.639748, -73.952286)",NEWKIRK AVENUE                  ,EAST 26 STREET,,4,0,0,0,0,0,4,0,Unspecified,Unspecified,Unspecified,,,3653653,Station Wagon/Sport Utility Vehicle,Sedan,Sedan,,
2017-05-04T00:00:00.000,15:20,MANHATTAN,10018,40.75228,-73.9897,"(40.75228, -73.9897)",7 AVENUE                        ,WEST 36 STREET,,2,0,1,0,1,0,0,0,Pedestrian/Bicyclist/Other Pedestrian Error/Confusion,,,,,3665174,Bike,,,,
2017-04-18T00:00:00.000,20:10,,,40.767815,-73.98951,"(40.767815, -73.98951)",WEST 55 STREET                  ,,,0,0,0,0,0,0,0,0,Following Too Closely,Unspecified,,,,3653271,Sedan,FOOD,,,
2017-05-09T00:00:00.000,12:50,MANHATTAN,10020,40.75927,-73.980896,"(40.75927, -73.980896)",WEST 49 STREET                  ,AVENUE OF THE AMERICAS,,0,0,0,0,0,0,0,0,Passing Too Closely,Unspecified,,,,3666995,Van,Taxi,,,
2017-05-09T00:00:00.000,19:50,,,40.65591,-73.89191,"(40.65591, -73.89191)",ALABAMA AVENUE                  ,,,1,0,0,0,1,0,0,0,Driver Inattention/Distraction,Pedestrian/Bicyclist/Other Pedestrian Error/Confusion,,,,3666996,Station Wagon/Sport Utility Vehicle,Bike,,,
